1,UX140X5,14
2,UX140X5,14
3,UX140X5,14
4,UX143S3,2
5,UX140X5,14
6,UX142K3,7
7,UX140X5,14
8,UX140X5,14
9,UX140X5,14
10,UX144E7,16
11,UX149R1,12
12,UX140X5,14
13,UX141F5,15
14,UX14985,2
15,UX14413,12
16,UX144E7,16
17,UX140X5,14
18,UX140X5,14
19,UX14413,12
20,UX144F7,15
21,UX14003,2
22,UX140X5,14
23,UX140X5,14
24,UX140X5,14
25,UX140X5,14
26,UX140X5,14
27,UX140H5,7
28,UX140X5,14
29,UX149R1,12
30,UX140X5,14
31,UX140H5,7
32,UX140X5,14
33,UX144E7,16
34,UX140X5,14
35,UX14413,12
36,UX140X5,14
37,UX140H5,7
38,UX141G3,3
39,UX141F5,15
40,UX140X5,14
41,UX140X5,14
42,UX140X5,14
43,UX141F5,15
44,UX140X5,14
45,UX140X5,14
46,UX140X5,14
47,UX141F5,15
48,UX144E7,16
49,UX140X5,14
50,UX140X5,14
51,UX140X5,14
52,UX140X5,14
53,UX144E7,16
54,UX142K3,7
55,UX14413,12
56,UX140X5,14
57,UX140X5,14
58,UX142H2,14
59,UX14782,3
60,UX140X5,14
61,UX14AAB,10
62,UX140X5,14
63,UX140X5,14
64,UX14BBJ,16
65,UX141F5,15
66,UX144G5,14
67,UX14AAA,14
68,UX142P3,3
69,UX144G5,14
70,UX144G5,14
71,UX14BBK,15
72,UX144G5,14
73,UX144G5,14
74,UX140X5,14
75,UX14BBK,15
76,UX140G5,5
77,UX14BBJ,16
78,UX144G5,14
79,UX141F5,15
80,UX144G5,14
81,UX14BBK,15
82,UX14AAA,14
83,UX144G5,14
84,UX144G5,14
85,UX140X5,14
86,UX140X5,14
87,UX14BBJ,16
88,UX144H5,14
89,UX144G5,14
90,UX14AAA,14
91,UX14975,2
92,UX140X5,14
93,UX14413,12
94,UX140H5,7
95,UX14AAB,10
96,UX144G5,14
97,UX140X5,14
98,UX14AAA,14
99,UX140X5,14
100,UX14BBJ,16
101,UX140X5,14
102,UX141F5,15
103,UX140X5,14
104,UX140X5,14
105,UX144G5,14
106,UX144H5,14
107,UX14413,12
108,UX144G5,14
109,UX140X5,14
110,UX144G5,14
111,UX144G5,14
112,UX140X5,14
113,UX140X5,14
114,UX144H5,14
115,UX144G5,14
116,UX143S3,2
117,UX140X5,14
118,UX14BBJ,16
119,UX149R1,12
120,UX144G5,14
121,UX140X5,14
122,UX144E7,16
123,UX14AAB,10
124,UX140X5,14
125,UX140X5,14
126,UX14AAA,14
127,UX14AAA,14
128,UX140X5,14
129,UX144H5,14
130,UX144G5,14
131,UX140X5,14
132,UX144G5,14
133,UX140X5,14
134,UX144G5,14
135,UX14AAA,14
136,UX140X5,14
137,UX14BBN,16
138,UX144G5,14
139,UX14AAA,14
140,UX144G5,14
141,UX144G5,14
142,UX140X5,14
143,UX144G5,14
144,UX140X5,14
145,UX140X5,14
146,UX144G5,14
147,UX140X5,14
148,UX144G5,14
149,UX141G3,3
150,UX142F2,12
151,UX14393,13
152,UX14233,6
153,UX14243,3
154,UX14253,3
155,UX14373,3
156,UX14043,2
157,UX148H3,3
158,UX141G3,3
159,UX14293,2
160,UX14303,6
161,UX14353,3
162,UX14383,13
163,UX14383,13
164,UX142K3,7
165,UX142P3,3
166,UX143V3,2
167,UX142V3,2
168,UX141G3,3
169,UX141G3,3
170,UX14383,13
171,UX140X5,14
172,UX14383,13
173,UX140X5,14
174,UX140X5,14
175,UX140X5,14
176,UX14383,13
177,UX141G3,3
178,UX142K3,7
179,UX142P3,3
180,UX143S3,2
181,UX14383,13
182,UX140X5,14
183,UX140X5,14
184,UX140X5,14
185,UX140H5,7
186,UX142N3,2
187,UX143N3,2
188,UX142U3,2
189,UX144R3,2
190,UX141G3,3
191,UX14383,13
192,UX140X5,14
193,UX140X5,14
194,UX142U3,2
195,UX144F7,15
196,UX142K3,7
197,UX142N3,2
198,UX143R3,2
199,UX143N3,2
200,UX14955,2
201,UX141G3,3
202,UX140H5,7
203,UX142P3,3
204,UX144X3,2
205,UX141G3,3
206,UX144U3,2
207,UX140X5,14
208,UX140X5,14
209,UX140X5,14
210,UX14425,2
211,UX14425,2
212,UX144U3,2
213,UX140X5,14
214,UX140X5,14
215,UX143W3,2
216,UX14005,2
217,UX140X5,14
218,UX14383,13
219,UX140X5,14
220,UX140X5,14
221,UX141F5,15
222,UX141G3,3
223,UX140X5,14
224,UX140X5,14
225,UX14383,13
226,UX140X5,14
227,UX144E7,16
228,UX140X5,14
229,UX141F5,15
230,UX140X5,14
231,UX14413,12
232,UX140H5,7
233,UX142N3,2
234,UX143R3,2
235,UX144U3,2
236,UX141G3,3
237,UX14413,12
238,UX140X5,14
239,UXA40T2,12
240,UX140X5,14
241,UX140X5,14
242,UX141G3,3
243,UX142K3,7
244,UX142P3,3
245,UX143S3,2
246,UX142K3,7
247,UX143V3,2
248,UX141G3,3
249,UX140X5,14
250,UX142K3,7
251,UX143V3,2
252,UX141G3,3
253,UX142K3,7
254,UX142N3,2
255,UX14935,2
256,UX14915,2
257,UX141G3,3
258,UX14383,13
259,UX144E7,16
260,UX140X5,14
261,UX141G3,3
262,UX142K3,7
263,UX143V3,2
264,UX143Q3,2
265,UX141G3,3
266,UX14413,12
267,UX14373,3
268,UX142K3,7
269,UX142N3,2
270,UX143R3,2
271,UX143P3,1
272,UX144V3,2
273,UX144T3,2
274,UX141G3,3
275,UX142K3,7
276,UX142N3,2
277,UX142U3,2
278,UX144U3,2
279,UX141G3,3
280,UX144F7,15
281,UX140X5,14
282,UX140G5,5
283,UX142P3,3
284,UX141G3,3
285,UX144E7,16
286,UX142K3,7
287,UX143V3,2
288,UX143R3,2
289,UX141G3,3
290,UX140X5,14
291,UX14383,13
292,UX144F7,15
293,UX142U3,2
294,UX144T3,2
295,UX143T3,2
296,UX143R3,2
297,UX144W3,2
298,UX144U3,2
299,UX140H5,7
300,UX142P3,3
301,UX144X3,2
302,UX141G3,3
303,UX140X5,14
304,UX140X5,14
305,UX140X5,14
306,UX142K3,7
307,UX142N3,2
308,UX143R3,2
309,UX142M3,2
310,UX14945,2
311,UX14935,2
312,UX14895,2
313,UX141G3,3
314,UX140H5,7
315,UX143S3,2
316,UX142U3,2
317,UX141G3,3
318,UX149R1,12
319,UX14413,12
320,UX140X5,14
321,UX142K3,7
322,UX143V3,2
323,UX14955,2
324,UX14935,2
325,UX141G3,3
326,UX140X5,14
327,UX140X5,14
328,UX141A3,2
329,UX14395,2
330,UX141K5,2
331,UX143S3,2
332,UX143R3,2
333,UX142K3,7
334,UX143T3,2
335,UX141G3,3
336,UX142K3,7
337,UX143V3,2
338,UX142N3,2
339,UX142M3,2
340,UX14985,2
341,UX14965,2
342,UX141G3,3
343,UX140X5,14
344,UX144F7,15
345,UX142K3,7
346,UX143T3,2
347,UX144W3,2
348,UX144U3,2
349,UX142T3,2
350,UX141G3,3
351,UX140X5,14
352,UX140X5,14
353,UX144F7,15
354,UX140X5,14
355,UX140X5,14
356,UX140X5,14
357,UX140X5,14
358,UX140G5,5
359,UX143V3,2
360,UX140X5,14
361,UXA40T4,12
362,UX142L3,6
363,UX14305,2
364,UX14315,2
365,UX14343,3
366,UX142K3,7
367,UX143V3,2
368,UX142N3,2
369,UX14965,2
370,UX14895,2
371,UX141G3,3
372,UX141D3,15
373,UX142K3,7
374,UX143V3,2
375,UX143S3,2
376,UX142U3,2
377,UX141G3,3
378,UX141C3,16
379,UX140X5,14
380,UX140X5,14
381,UX140X5,14
382,UX14383,13
383,UX144T3,2
384,UX140X5,14
385,UX142K3,7
386,UX143U3,2
387,UX143S3,2
388,UX141G3,3
389,UX14455,5
390,UX143V3,2
391,UX143T3,2
392,UX14965,2
393,UX14985,2
394,UX14373,3
395,UX140X5,14
396,UX140X5,14
397,UX144E7,16
398,UX140X5,14
399,UX140X5,14
400,UX140X5,14
401,UX140X5,14
402,UX140X5,14
403,UX142K3,7
404,UX143S3,2
405,UX143R3,2
406,UX144V3,2
407,UX144U3,2
408,UX141G3,3
409,UX141A3,2
410,UX14383,13
411,UX140X5,14
412,UX140X5,14
413,UX140H5,7
414,UX143R3,2
415,UX142M3,2
416,UX141G3,3
417,UX140X5,14
418,UX14383,13
419,UX141G3,3
420,UX142K3,7
421,UX141D3,15
422,UX140X5,14
423,UX140X5,14
424,UX140X5,14
425,UX140X5,14
426,UX140X5,14
427,UX140X5,14
428,UX141F5,15
429,UX142K3,7
430,UX143V3,2
431,UX14965,2
432,UX14925,2
433,UX141G3,3
434,UX142K3,7
435,UX143V3,2
436,UX141G3,3
437,UX142V3,2
438,UX140X5,14
439,UX140X5,14
440,UX140X5,14
441,UX140X5,14
442,UX144F7,15
443,UX140X5,14
444,UX142K3,7
445,UX143V3,2
446,UX143S3,2
447,UX14985,2
448,UX14955,2
449,UX141G3,3
450,UX141G3,3
451,UX140G5,5
452,UX140X5,14
453,UX142K3,7
454,UX143U3,2
455,UX142U3,2
456,UX144U3,2
457,UX144S3,2
458,UX141G3,3
459,UX140X5,14
460,UX142K3,7
461,UX143V3,2
462,UX144Y3,2
463,UX141G3,3
464,UX140X5,14
465,UX140X5,14
466,UX142K3,7
467,UX143T3,2
468,UX143P3,1
469,UX144V3,2
470,UX144U3,2
471,UX141G3,3
472,UX14233,6
473,UX14293,2
474,UX14373,3
475,UX140X5,14
476,UX140X5,14
477,UX140X5,14
478,UX14413,12
479,UX140H5,7
480,UX142N3,2
481,UX143R3,2
482,UX144U3,2
483,UX144T3,2
484,UX141G3,3
485,UX140X5,14
486,UX140X5,14
487,UX140X5,14
488,UX142K3,7
489,UX142N3,2
490,UX142M3,2
491,UX142U3,2
492,UX142T3,2
493,UX141G3,3
494,UX140X5,14
495,UX140X5,14
496,UX140X5,14
497,UX140X5,14
498,UX140X5,14
499,UX140H5,7
500,UX143T3,2
501,UX144V3,2
502,UX144U3,2
503,UX14413,12
504,UX14373,3
505,UX142K3,7
506,UX143S3,2
507,UX143R3,2
508,UX144V3,2
509,UX144U3,2
510,UX141G3,3
511,UX140X5,14
512,UX140X5,14
513,UX140X5,14
514,UX140X5,14
515,UX140X5,14
516,UX140X5,14
517,UX140X5,14
518,UX140X5,14
519,UX14455,5
520,UX141G3,3
521,UX140X5,14
522,UX141F5,15
523,UX140X5,14
524,UX142K3,7
525,UX143V3,2
526,UX143S3,2
527,UX14985,2
528,UX14955,2
529,UX141G3,3
530,UX140X5,14
531,UX140X5,14
532,UX140X5,14
533,UX140X5,14
534,UX140X5,14
535,UX140X5,14
536,UX141F5,15
537,UX140X5,14
538,UX141F5,15
539,UX140X5,14
540,UX144F7,15
541,UX144Y3,2
542,UX141A3,2
543,UX14395,2
544,UX141F5,15
545,UX140X5,14
546,UX140X5,14
547,UX140X5,14
548,UX140X5,14
549,UX140X5,14
550,UX140X5,14
551,UX14413,12
552,UX14383,13
553,UX143V3,2
554,UX142K3,7
555,UX144Y3,2
556,UX141G3,3
557,UX140X5,14
558,UX140X5,14
559,UX140X5,14
560,UX140X5,14
561,UX144F7,15
562,UX140X5,14
563,UX140X5,14
564,UX140X5,14
565,UX141F5,15
566,UX141F5,15
567,UX140G5,5
568,UX143U3,2
569,UX14985,2
570,UX14945,2
571,UX141G3,3
572,UX14413,12
573,UX140X5,14
574,UX144F7,15
575,UX140H5,7
576,UX143S3,2
577,UX143R3,2
578,UX144V3,2
579,UX144U3,2
580,UX141G3,3
581,UX140X5,14
582,UX140X5,14
583,UX140X5,14
584,UX140X5,14
585,UX140X5,14
586,UX144F7,15
587,UX140X5,14
588,UX140X5,14
589,UX14413,12
590,UX140X5,14
591,UX142K3,7
592,UX141G3,3
593,UX140X5,14
594,UX14413,12
595,UX140X5,14
596,UX142F2,12
597,UX140X5,14
598,UX14383,13
599,UX14383,13
600,UX144U3,2
601,UX140X5,14
602,UX140G5,5
603,UX144A3,2
604,UX143V3,2
605,UX141G3,3
606,UX142T3,2
607,UX144U3,2
608,UX144W3,2
609,UX143V3,2
610,UX140H5,7
611,UX141G3,3
612,UX140X5,14
613,UX140X5,14
614,UX140X5,14
615,UX140X5,14
616,UX140X5,14
617,UX140X5,14
618,UX140X5,14
619,UX144E7,16
620,UX140X5,14
621,UX140X5,14
622,UX140X5,14
623,UX140X5,14
624,UX142K3,7
625,UX143V3,2
626,UX141G3,3
627,UX141F5,15
628,UX140X5,14
629,UX142K3,7
630,UX143X3,2
631,UX143V3,2
632,UX142N3,2
633,UX142M3,2
634,UX144Y3,2
635,UX142U3,2
636,UX144U3,2
637,UX142U3,2
638,UX141G3,3
639,UX14425,2
640,UX14425,2
641,UX14425,2
642,UX14425,2
643,UX14425,2
644,UX14383,13
645,UX142K3,7
646,UX143W3,2
647,UX141G3,3
648,UX140X5,14
649,UX140X5,14
650,UX141F5,15
651,UX140X5,14
652,UX142K3,7
653,UX143T3,2
654,UX143R3,2
655,UX144W3,2
656,UX144U3,2
657,UX142T3,2
658,UX141G3,3
659,UX140X5,14
660,UX140X5,14
661,UX142K3,7
662,UX143S3,2
663,UX142M3,2
664,UX14955,2
665,UX14935,2
666,UX14905,2
667,UX141G3,3
668,UX140X5,14
669,UX142K3,7
670,UX143N3,2
671,UX141G3,3
672,UX141F5,15
673,UX140X5,14
674,UX140X5,14
675,UX140X5,14
676,UX143V3,2
677,UX143S3,2
678,UX14985,2
679,UX140X5,14
680,UX140X5,14
681,UX140X5,14
682,UX144U3,2
683,UX142T3,2
684,UX141F5,15
685,UX140X5,14
686,UX140X5,14
687,UX140X5,14
688,UX143U3,2
689,UX140X5,14
690,UX140X5,14
691,UX141G3,3
692,UX14293,2
693,UX14303,6
694,UX14353,3
695,UX140X5,14
696,UX140X5,14
697,UX14782,3
698,UX140X5,14
699,UX140X5,14
700,UX140X5,14
701,UX140X5,14
702,UX141F5,15
703,UX140X5,14
704,UX140X5,14
705,UX140X5,14
706,UX140X5,14
707,UX140G5,5
708,UX143V3,2
709,UX143U3,2
710,UX142V3,2
711,UX141G3,3
712,UX142K3,7
713,UX143T3,2
714,UX143P3,1
715,UX144W3,2
716,UX141G3,3
717,UX140X5,14
718,UX140X5,14
719,UX140X5,14
720,UX140X5,14
721,UX142K3,7
722,UX141G3,3
723,UX143S3,2
724,UX142K3,7
725,UX142N3,2
726,UX143R3,2
727,UX143N3,2
728,UX14955,2
729,UX141G3,3
730,UX140X5,14
731,UX140X5,14
732,UX140X5,14
733,UX141G3,3
734,UX140X5,14
735,UX14403,13
736,UX140X5,14
737,UX140X5,14
738,UX141F5,15
739,UX141F5,15
740,UX142K3,7
741,UX143U3,2
742,UX141G3,3
743,UX14985,2
744,UX14965,2
745,UX140X5,14
746,UX140X5,14
747,UX140X5,14
748,UX140X5,14
749,UX140X5,14
750,UX144F7,15
751,UX140H5,7
752,UX142N3,2
753,UX143P3,1
754,UX142U3,2
755,UX144S3,2
756,UX141G3,3
757,UX144E7,16
758,UX140X5,14
759,UX140X5,14
760,UX140X5,14
761,UX140X5,14
762,UX142K3,7
763,UX143S3,2
764,UX143R3,2
765,UX144W3,2
766,UX141G3,3
767,UX144F7,15
768,UX142K3,7
769,UX143S3,2
770,UX14945,2
771,UX14925,2
772,UX141G3,3
773,UX142K3,7
774,UX143R3,2
775,UX143N3,2
776,UX14935,2
777,UX14905,2
778,UX141G3,3
779,UX140X5,14
780,UX140X5,14
781,UX142K3,7
782,UX14925,2
783,UX143S3,2
784,UX141G3,3
785,UX142K3,7
786,UX143U3,2
787,UX14965,2
788,UX141G3,3
789,UX140X5,14
790,UX140X5,14
791,UX14413,12
792,UX142P3,3
793,UX141G3,3
794,UX140H5,7
795,UX143U3,2
796,UX144V3,2
797,UX141G3,3
798,UX140X5,14
799,UX140X5,14
800,UX141F5,15
801,UX141F5,15
802,UX140X5,14
803,UX140X5,14
804,UX140X5,14
805,UX141F5,15
806,UX140X5,14
807,UX140X5,14
808,UX140X5,14
809,UX140X5,14
810,UX140X5,14
811,UX140X5,14
812,UX140X5,14
813,UX140G5,5
814,UX142P3,3
815,UX141G3,3
816,UX14395,2
817,UX14425,2
818,UX140U5,2
819,UX141K5,2
820,UX140N5,1
821,UX140X5,14
822,UX140X5,14
823,UX141E3,16
824,UX141F5,15
825,UX140X5,14
826,UX14413,12
827,UX140X5,14
828,UX14395,2
829,UX140X5,14
830,UX140X5,14
831,UX140X5,14
832,UXA40T2,12
833,UX140X5,14
834,UX140X5,14
835,UX14413,12
836,UX140X5,14
837,UX140X5,14
838,UX142K3,7
839,UX141G3,3
840,UX142P3,3
841,UX14985,2
842,UX140X5,14
843,UX140X5,14
844,UX140X5,14
845,UX144F7,15
846,UX140X5,14
847,UX142F2,12
848,UX140X5,14
849,UX140X5,14
850,UX142K3,7
851,UX143S3,2
852,UX141G3,3
853,UX140X5,14
854,UX140X5,14
855,UX140X5,14
856,UX142K3,7
857,UX143V3,2
858,UX144X3,2
859,UX141G3,3
860,UX14413,12
861,UX142F2,12
862,UX143T3,2
863,UX14935,2
864,UX14925,2
865,UX142K3,7
866,UX141G3,3
867,UX140X5,14
868,UX140X5,14
869,UX140H5,7
870,UX142N3,2
871,UX14945,2
872,UX141G3,3
873,UX141F5,15
874,UX140X5,14
875,UX140X5,14
876,UX140X5,14
877,UX144E7,16
878,UX140X5,14
879,UX14965,2
880,UX141F5,15
881,UX140X5,14
882,UX142K3,7
883,UX143U3,2
884,UX141G3,3
885,UX140X5,14
886,UX14293,2
887,UX141G5,14
888,UX143V3,2
889,UX140X5,14
890,UX142K3,7
891,UX143V3,2
892,UX141G3,3
893,UX140X5,14
894,UX140H5,7
895,UX143S3,2
896,UX143R3,2
897,UX141G3,3
898,UX140X5,14
899,UX144E7,16
900,UX140X5,14
901,UX140X5,14
902,UX140G5,5
903,UX142P3,3
904,UX143V3,2
905,UX140A5,2
906,UX141G3,3
907,UX140X5,14
908,UX140X5,14
909,UX144E7,16
910,UX144F7,15
911,UX144V3,2
912,UX14965,2
913,UX142K3,7
914,UX143S3,2
915,UX141G3,3
916,UX140X5,14
917,UX140X5,14
918,UX142K3,7
919,UX143S3,2
920,UX144V3,2
921,UX141G3,3
922,UX14413,12
923,UX142K3,7
924,UX143S3,2
925,UX14955,2
926,UX141G3,3
927,UX140X5,14
928,UX140X5,14
929,UX144E7,16
930,UX140X5,14
931,UX140X5,14
932,UX142K3,7
933,UX143Q3,2
934,UX144T3,2
935,UX141G3,3
936,UX140X5,14
937,UX14413,12
938,UX140X5,14
939,UX140X5,14
940,UX140X5,14
941,UX140X5,14
942,UX140X5,14
943,UX140X5,14
944,UX140X5,14
945,UX140X5,14
946,UX140X5,14
947,UX142K3,7
948,UX142U3,2
949,UX142N3,2
950,UX141G3,3
951,UX140X5,14
952,UX140H5,7
953,UX143R3,2
954,UX143S3,2
955,UX144U3,2
956,UX144V3,2
957,UX141G3,3
958,UX140X5,14
959,UX140X5,14
960,UX142K3,7
961,UX143R3,2
962,UX143N3,2
963,UX142U3,2
964,UX144T3,2
965,UX141G3,3
966,UX140X5,14
967,UX140X5,14
968,UX140H5,7
969,UX143T3,2
970,UX144V3,2
971,UX141G3,3
972,UX144E7,16
973,UX140X5,14
974,UX140X5,14
975,UX142K3,7
976,UX143V3,2
977,UX142N3,2
978,UX143R3,2
979,UX14985,2
980,UX14955,2
981,UX14915,2
982,UX141G3,3
983,UX140X5,14
984,UX140X5,14
985,UX144E7,16
986,UX140X5,14
987,UX140X5,14
988,UX142K3,7
989,UX143V3,2
990,UX143T3,2
991,UX143R3,2
992,UX143Q3,2
993,UX144Y3,2
994,UX144W3,2
995,UX144U3,2
996,UX142T3,2
997,UX141G3,3
998,UX140X5,14
999,UX140X5,14
1000,UX140G5,5
1001,UX143T3,2
1002,UX14965,2
1003,UX14895,2
1004,UX142J2,14
1005,UX140X5,14
1006,UX140X5,14
1007,UX14413,12
1008,UX140X5,14
1009,UX140X5,14
1010,UX140X5,14
1011,UX142K3,7
1012,UX143R3,2
1013,UX144U3,2
1014,UX141G3,3
1015,UX140X5,14
1016,UX140X5,14
1017,UX140X5,14
1018,UX144F7,15
1019,UX144F7,15
1020,UX140X5,14
1021,UX140X5,14
1022,UX144E7,16
1023,UX140X5,14
1024,UX140X5,14
1025,UX142U3,2
1026,UX144T3,2
1027,UX140X5,14
1028,UX140X5,14
1029,UX14413,12
1030,UX140X5,14
1031,UX140X5,14
1032,UX144E7,16
1033,UX140X5,14
1034,UX140X5,14
1035,UX140X5,14
1036,UX14395,2
1037,UX140X5,14
1038,UX140X5,14
1039,UX14413,12
1040,UX140X5,14
1041,UX140X5,14
1042,UX14413,12
1043,UX140X5,14
1044,UX140X5,14
1045,UX140X5,14
1046,UX140G5,5
1047,UX142P3,3
1048,UX141G3,3
1049,UX142J2,14
1050,UX142G2,2
1051,UX14003,2
1052,UX144E7,16
1053,UX14425,2
1054,UX14425,2
1055,UX140X5,14
1056,UX140X5,14
1057,UX140X5,14
1058,UX140X5,14
1059,UX142K3,7
1060,UX141G3,3
1061,UX143S3,2
1062,UX144F7,15
1063,UX144E7,16
1064,UX140X5,14
1065,UX140X5,14
1066,UX140X5,14
1067,UX140X5,14
1068,UX144E7,16
1069,UX140X5,14
1070,UX140X5,14
1071,UX140X5,14
1072,UXA40T2,12
1073,UX140X5,14
1074,UX140X5,14
1075,UX14413,12
1076,UX140X5,14
1077,UX140X5,14
1078,UX140X5,14
1079,UX140X5,14
1080,UX14393,13
1081,UX140X5,14
1082,UX140X5,14
1083,UX140X5,14
1084,UX140X5,14
1085,UX14945,2
1086,UX14343,3
1087,UX140X5,14
1088,UX14995,2
1089,UX14965,2
1090,UX14413,12
1091,UX140X5,14
1092,UX140X5,14
1093,UX142K3,7
1094,UX141G3,3
1095,UX143S3,2
1096,UX144E7,16
1097,UX140X5,14
1098,UX142K3,7
1099,UX143R3,2
1100,UX143N3,2
1101,UX144U3,2
1102,UX144R3,2
1103,UX141G3,3
1104,UX142K3,7
1105,UX142N3,2
1106,UX14945,2
1107,UX141G3,3
1108,UX140X5,14
1109,UX144E7,16
1110,UX142K3,7
1111,UX143R3,2
1112,UX143Q3,2
1113,UX144U3,2
1114,UX144T3,2
1115,UX141G3,3
1116,UX140X5,14
1117,UX140X5,14
1118,UX140X5,14
1119,UX144E7,16
1120,UX140G5,5
1121,UX143V3,2
1122,UX143R3,2
1123,UX14985,2
1124,UX14955,2
1125,UX141G3,3
1126,UX140X5,14
1127,UX140X5,14
1128,UX142F2,12
1129,UX140X5,14
1130,UX140X5,14
1131,UX140X5,14
1132,UX140X5,14
1133,UX140X5,14
1134,UX140X5,14
1135,UX140X5,14
1136,UX140X5,14
1137,UX144E7,16
1138,UX140X5,14
1139,UX140X5,14
1140,UX140X5,14
1141,UX142F2,12
1142,UX140X5,14
1143,UX140X5,14
1144,UX140X5,14
1145,UX140X5,14
1146,UX140H5,7
1147,UX143T3,2
1148,UX144V3,2
1149,UX141G3,3
1150,UX140X5,14
1151,UX142K3,7
1152,UX142P3,3
1153,UX143V3,2
1154,UX141G3,3
1155,UX142V3,2
1156,UX142K3,7
1157,UX142P3,3
1158,UX141G3,3
1159,UX140X5,14
1160,UX142A2,14
1161,UX144E7,16
1162,UX140X5,14
1163,UX140X5,14
1164,UX141F5,15
1165,UX140X5,14
1166,UX140G5,5
1167,UX143V3,2
1168,UX143S3,2
1169,UX14985,2
1170,UX14955,2
1171,UX141G3,3
1172,UX140X5,14
1173,UX140X5,14
1174,UX140X5,14
1175,UX140X5,14
1176,UX140X5,14
1177,UX14413,12
1178,UX140X5,14
1179,UX140X5,14
1180,UX140X5,14
1181,UX140X5,14
1182,UX142K3,7
1183,UX143V3,2
1184,UX142P3,3
1185,UX141G3,3
1186,UX14995,2
1187,UX144Y3,2
1188,UX14945,2
1189,UX140X5,14
1190,UX140X5,14
1191,UX140X5,14
1192,UX140X5,14
1193,UX140X5,14
1194,UX142F2,12
1195,UX140X5,14
1196,UX143S3,2
1197,UX142K3,7
1198,UX142U3,2
1199,UX141G3,3
1200,UX14413,12
1201,UX140X5,14
1202,UX140X5,14
1203,UX140X5,14
1204,UX141F5,15
1205,UX140X5,14
1206,UX140X5,14
1207,UX14413,12
1208,UX140X5,14
1209,UX140X5,14
1210,UX140X5,14
1211,UX141F5,15
1212,UX14413,12
1213,UX140X5,14
1214,UX144F7,15
1215,UX140X5,14
1216,UX144E7,16
1217,UX140X5,14
1218,UX140X5,14
1219,UXA40T3,12
1220,UX140G5,5
1221,UX14965,2
1222,UX14935,2
1223,UX143V3,2
1224,UX141G3,3
1225,UX144V3,2
1226,UX140X5,14
1227,UX140X5,14
1228,UX140X5,14
1229,UX144V3,2
1230,UX144U3,2
1231,UX144F7,15
1232,UX141F5,15
1233,UX142F2,12
1234,UX140X5,14
1235,UX140X5,14
1236,UX142K3,7
1237,UX143S3,2
1238,UX143R3,2
1239,UX141G3,3
1240,UX140X5,14
1241,UX142K3,7
1242,UX143S3,2
1243,UX143R3,2
1244,UX144V3,2
1245,UX144S3,2
1246,UX141G3,3
1247,UX140X5,14
1248,UX140G5,5
1249,UX143R3,2
1250,UX144V3,2
1251,UX144U3,2
1252,UX141G3,3
1253,UX140X5,14
1254,UX140X5,14
1255,UX144E7,16
1256,UX140X5,14
1257,UX140X5,14
1258,UX140X5,14
1259,UX140X5,14
1260,UX140X5,14
1261,UX140X5,14
1262,UX140X5,14
1263,UX140X5,14
1264,UX140X5,14
1265,UX140X5,14
1266,UX141G3,3
1267,UX140X5,14
1268,UX14995,2
1269,UX143X3,2
1270,UX143V3,2
1271,UX142N3,2
1272,UX142M3,2
1273,UX144Y3,2
1274,UX142U3,2
1275,UX144U3,2
1276,UX142U3,2
1277,UX141G3,3
1278,UX144E7,16
1279,UX140X5,14
1280,UX144F7,15
1281,UX140X5,14
1282,UX142K3,7
1283,UX143U3,2
1284,UX14965,2
1285,UX14915,2
1286,UX141G3,3
1287,UX140X5,14
1288,UX140X5,14
1289,UX140X5,14
1290,UX144F7,15
1291,UX140X5,14
1292,UX141G3,3
1293,UX143S3,2
1294,UX143R3,2
1295,UX140X5,14
1296,UX140X5,14
1297,UX144F7,15
1298,UX140X5,14
1299,UX140X5,14
1300,UX14413,12
1301,UX140X5,14
1302,UX140X5,14
1303,UX144E7,16
1304,UX140X5,14
1305,UX14475,5
1306,UX141G3,3
1307,UX140X5,14
1308,UX14413,12
1309,UX144F7,15
1310,UX14413,12
1311,UX140X5,14
1312,UX140X5,14
1313,UX140X5,14
1314,UX142K3,7
1315,UX142P3,3
1316,UX143V3,2
1317,UX14955,2
1318,UX141G3,3
1319,UX14413,12
1320,UX140X5,14
1321,UX142F2,12
1322,UX141G3,3
1323,UX140G5,5
1324,UX143T3,2
1325,UX14985,2
1326,UX141G3,3
1327,UX140X5,14
1328,UX14043,2
1329,UX142K3,7
1330,UX143V3,2
1331,UX142P3,3
1332,UX141G3,3
1333,UX14945,2
1334,UX14905,2
1335,UX140X5,14
1336,UX143R3,2
1337,UX142M3,2
1338,UX144U3,2
1339,UX142T3,2
1340,UX141G3,3
1341,UX140X5,14
1342,UX143U3,2
1343,UX14965,2
1344,UX141G3,3
1345,UX149R1,12
1346,UX140X5,14
1347,UX143R3,2
1348,UX142M3,2
1349,UX144U3,2
1350,UX142T3,2
1351,UX140X5,14
1352,UX140X5,14
1353,UX140X5,14
1354,UX140G5,5
1355,UX143W3,2
1356,UX141G3,3
1357,UX140X5,14
1358,UX14413,12
1359,UX140X5,14
1360,UX143S3,2
1361,UX143R3,2
1362,UX144V3,2
1363,UX144S3,2
1364,UX141G3,3
1365,UX14413,12
1366,UX140X5,14
1367,UX140X5,14
1368,UX141G3,3
1369,UX140X5,14
1370,UX140X5,14
1371,UX140X5,14
1372,UX140X5,14
1373,UX144U3,2
1374,UX144R3,2
1375,UX140X5,14
1376,UX141F5,15
1377,UX140X5,14
1378,UX140X5,14
1379,UX140X5,14
1380,UX140X5,14
1381,UX14425,2
1382,UX144E7,16
1383,UX140X5,14
1384,UX140X5,14
1385,UX142K3,7
1386,UX143U3,2
1387,UX144X3,2
1388,UX141G3,3
1389,UX140X5,14
1390,UX140X5,14
1391,UX140X5,14
1392,UX142K3,7
1393,UX142N3,2
1394,UX142M3,2
1395,UX141G3,3
1396,UX14955,2
1397,UX140H5,7
1398,UX143V3,2
1399,UX143N3,2
1400,UX141G3,3
1401,UX140H5,7
1402,UX143N3,2
1403,UX14905,2
1404,UX141G3,3
1405,UX144E7,16
1406,UX141G3,3
1407,UX140X5,14
1408,UX140X5,14
1409,UX140X5,14
1410,UX140X5,14
1411,UX140X5,14
1412,UX140X5,14
1413,UX140X5,14
1414,UX14965,2
1415,UX14935,2
1416,UX140X5,14
1417,UX140X5,14
1418,UX140X5,14
1419,UX142F2,12
1420,UX140H5,7
1421,UX14905,2
1422,UX140X5,14
1423,UX140X5,14
1424,UX14413,12
1425,UX140X5,14
1426,UX140X5,14
1427,UX144F7,15
1428,UX141F5,15
1429,UX14413,12
1430,UX140X5,14
1431,UX140X5,14
1432,UX144E7,16
1433,UX140X5,14
1434,UX140X5,14
1435,UX140X5,14
1436,UX140X5,14
1437,UX149R1,12
1438,UX140X5,14
1439,UX14935,2
1440,UX14905,2
1441,UX14373,3
1442,UX143W3,2
1443,UX14985,2
1444,UX14905,2
1445,UX140X5,14
1446,UX140G5,5
1447,UX143X3,2
1448,UX141G3,3
1449,UX142K3,7
1450,UX143S3,2
1451,UX142U3,2
1452,UX144U3,2
1453,UX141G3,3
1454,UX144E7,16
1455,UX142K3,7
1456,UX143V3,2
1457,UX144Y3,2
1458,UX142U3,2
1459,UX141G3,3
1460,UX149R1,12
1461,UX140X5,14
1462,UX142K3,7
1463,UX143U3,2
1464,UX14975,2
1465,UX141G3,3
1466,UX149R1,12
1467,UX14413,12
1468,UX144E7,16
1469,UX14413,12
1470,UX140X5,14
1471,UX144E7,16
1472,UX140X5,14
1473,UX14413,12
1474,UX140G5,5
1475,UX144B3,2
1476,UX144A3,2
1477,UX14045,2
1478,UX140X5,14
1479,UX142K3,7
1480,UX143V3,2
1481,UX141G3,3
1482,UX144V3,2
1483,UX140X5,14
1484,UX144F7,15
1485,UX140X5,14
1486,UX140X5,14
1487,UX140X5,14
1488,UX142K3,7
1489,UX143S3,2
1490,UX142U3,2
1491,UX144U3,2
1492,UX141G3,3
1493,UX140G5,5
1494,UX142P3,3
1495,UX14995,2
1496,UX141G3,3
1497,UX140X5,14
1498,UX140X5,14
1499,UX140X5,14
1500,UX140X5,14
1501,UX14413,12
1502,UX14413,12
1503,UX144E7,16
1504,UX14782,3
1505,UX140X5,14
1506,UX14985,2
1507,UX140X5,14
1508,UX140X5,14
1509,UX140X5,14
1510,UX14782,3
1511,UX140X5,14
1512,UX140X5,14
1513,UX140X5,14
1514,UX140X5,14
1515,UX140X5,14
1516,UX140X5,14
1517,UX140X5,14
1518,UX142U3,2
1519,UX144S3,2
1520,UX141F5,15
1521,UX142K3,7
1522,UX14965,2
1523,UX143T3,2
1524,UX141G3,3
1525,UX140X5,14
1526,UX140X5,14
1527,UX14413,12
1528,UX140X5,14
1529,UX140X5,14
1530,UX142K3,7
1531,UX143U3,2
1532,UX14965,2
1533,UX141G3,3
1534,UX14413,12
1535,UX140X5,14
1536,UX14233,6
1537,UX14772,2
1538,UX14293,2
1539,UX14373,3
1540,UX141F5,15
1541,UX140X5,14
1542,UX144F7,15
1543,UX14782,3
1544,UX140X5,14
1545,UX140X5,14
1546,UX140X5,14
1547,UX140X5,14
1548,UX144E7,16
1549,UX140X5,14
1550,UX142F2,12
1551,UX14413,12
1552,UX140X5,14
1553,UX141F5,15
1554,UX144E7,16
1555,UX14413,12
1556,UX141C3,16
1557,UX14413,12
1558,UX140X5,14
1559,UX140X5,14
1560,UX140X5,14
1561,UX140G5,5
1562,UX143U3,2
1563,UX143R3,2
1564,UX14985,2
1565,UX141G3,3
1566,UX142K3,7
1567,UX142P3,3
1568,UX141G3,3
1569,UX140X5,14
1570,UX140X5,14
1571,UX140X5,14
1572,UX140X5,14
1573,UX140X5,14
1574,UX140X5,14
1575,UX14935,2
1576,UX140X5,14
1577,UX140X5,14
1578,UX144A5,2
1579,UX142H2,14
1580,UX142H2,14
1581,UX14413,12
1582,UX140X5,14
1583,UX144T3,2
1584,UX144E7,16
1585,UX144E7,16
1586,UX140X5,14
1587,UX142K3,7
1588,UX143T3,2
1589,UX14955,2
1590,UX141G3,3
1591,UX144F7,15
1592,UX140X5,14
1593,UX140X5,14
1594,UX140X5,14
1595,UX141F5,15
1596,UX140X5,14
1597,UX14413,12
1598,UX141F5,15
1599,UX140X5,14
1600,UX140X5,14
1601,UX14413,12
1602,UX142K3,7
1603,UX142N3,2
1604,UX143N3,2
1605,UX143N3,2
1606,UX14945,2
1607,UX14925,2
1608,UX14925,2
1609,UX141G3,3
1610,UX141F5,15
1611,UX140X5,14
1612,UX140X5,14
1613,UX142G2,2
1614,UX141G3,3
1615,UX14413,12
1616,UX14413,12
1617,UX141F5,15
1618,UX140X5,14
1619,UX140X5,14
1620,UX140X5,14
1621,UX140G5,5
1622,UX142P3,3
1623,UX14005,2
1624,UX141G3,3
1625,UX14413,12
1626,UX143V3,2
1627,UX143T3,2
1628,UX14295,2
1629,UX14345,2
1630,UX14353,3
1631,UX140X5,14
1632,UX140X5,14
1633,UX14413,12
1634,UX144G5,14
1635,UX14AAA,14
1636,UX144G5,14
1637,UX14413,12
1638,UX144G5,14
1639,UX140X5,14
1640,UX14413,12
1641,UX14383,13
1642,UX140X5,14
1643,UX140X5,14
1644,UX142K3,7
1645,UX143V3,2
1646,UX143U3,2
1647,UX14975,2
1648,UX14935,2
1649,UX141G3,3
1650,UX144G5,14
1651,UX144G5,14
1652,UX140X5,14
1653,UX140X5,14
1654,UX140X5,14
1655,UX141F5,15
1656,UX14782,3
1657,UX140X5,14
1658,UX140X5,14
1659,UX140X5,14
1660,UX144H5,14
1661,UX144G5,14
1662,UX149R1,12
1663,UX141F5,15
1664,UXA40T2,12
1665,UX144G5,14
1666,UX144H5,14
1667,UX141F5,15
1668,UX14AAD,10
1669,UX140X5,14
1670,UX140X5,14
1671,UX144G5,14
1672,UX140X5,14
1673,UX140X5,14
1674,UX140X5,14
1675,UX14413,12
1676,UX144G5,14
1677,UX140G5,5
1678,UX142P3,3
1679,UX14005,2
1680,UX141G3,3
1681,UX14413,12
1682,UX143V3,2
1683,UX143T3,2
1684,UX14295,2
1685,UX14345,2
1686,UX14353,3
1687,UX14AAA,14
1688,UX140X5,14
1689,UX144G5,14
1690,UX142B2,11
1691,UX142K3,7
1692,UX143V3,2
1693,UX142N3,2
1694,UX143R3,2
1695,UX14985,2
1696,UX14955,2
1697,UX14915,2
1698,UX141G3,3
1699,UX14413,12
1700,UX144G5,14
1701,UX140X5,14
1702,UX140X5,14
1703,UX144G5,14
1704,UX14AAA,14
1705,UX142N2,2
1706,UX144G5,14
1707,UX140X5,14
1708,UX144G5,14
1709,UX144G5,14
1710,UX142K3,7
1711,UX142N3,2
1712,UX143R3,2
1713,UX142U3,2
1714,UX144U3,2
1715,UX141G3,3
1716,UX144G5,14
1717,UX144G5,14
1718,UX14403,13
1719,UX144G5,14
1720,UX140X5,14
1721,UX142K3,7
1722,UX142P3,3
1723,UX14995,2
1724,UX141G3,3
1725,UX14AAB,10
1726,UX140X5,14
1727,UX144G5,14
1728,UX140X5,14
1729,UX141F5,15
1730,UX144G5,14
1731,UX144G5,14
1732,UX144G5,14
1733,UX142K3,7
1734,UX141G3,3
1735,UX143V3,2
1736,UX143T3,2
1737,UX14985,2
1738,UX14965,2
1739,UX140X5,14
1740,UX142J2,14
1741,UX144G5,14
1742,UX144G5,14
1743,UX140X5,14
1744,UX144G5,14
1745,UX144F7,15
1746,UX144H5,14
1747,UX144G5,14
1748,UX140X5,14
1749,UX144G5,14
1750,UX140X5,14
1751,UX14413,12
1752,UX140X5,14
1753,UX140X5,14
1754,UX144G5,14
1755,UX14413,12
1756,UX140X5,14
1757,UX140X5,14
1758,UX140X5,14
1759,UX140X5,14
1760,UX140X5,14
1761,UX144G5,14
1762,UX144G5,14
1763,UX14383,13
1764,UX144G5,14
1765,UX144G5,14
1766,UX144G5,14
1767,UX140G5,5
1768,UX142P3,3
1769,UX143U3,2
1770,UX14975,2
1771,UX141G3,3
1772,UX144G5,14
1773,UX144G5,14
1774,UX142K3,7
1775,UX141G3,3
1776,UX142N3,2
1777,UX14945,2
1778,UX142F2,12
1779,UX14AAA,14
1780,UX140X5,14
1781,UX144G5,14
1782,UX140H5,7
1783,UX142P3,3
1784,UX14995,2
1785,UX141G3,3
1786,UX140X5,14
1787,UX144G5,14
1788,UX14383,13
1789,UX14383,13
1790,UX144H5,14
1791,UX14AAB,10
1792,UX14AAB,10
1793,UX14BBL,16
1794,UX140X5,14
1795,UX14AAA,14
1796,UX140X5,14
1797,UX142F2,12
1798,UX14413,12
1799,UX140H5,7
1800,UX14975,2
1801,UX14BBP,16
1802,UX140X5,14
1803,UX14413,12
1804,UX14BBJ,16
1805,UX144H5,14
1806,UX140X5,14
1807,UX14AAB,10
1808,UX144G5,14
1809,UX144G5,14
1810,UX144A3,2
1811,UX141G3,3
1812,UX142K3,7
1813,UX140X5,14
1814,UX144G5,14
1815,UX144G5,14
1816,UX144G5,14
1817,UX14AAB,10
1818,UX142E2,10
1819,UX144G5,14
1820,UX140X5,14
1821,UX140X5,14
1822,UX144G5,14
1823,UX142K3,7
1824,UX143T3,2
1825,UX143R3,2
1826,UX144W3,2
1827,UX144R3,2
1828,UX141G3,3
1829,UX144H5,14
1830,UX144G5,14
1831,UX144G5,14
1832,UX14BBK,15
1833,UX144G5,14
1834,UX14BBK,15
1835,UX14BBK,15
1836,UX140X5,14
1837,UX144G5,14
1838,UX144H5,14
1839,UX140X5,14
1840,UX144G5,14
1841,UX140X5,14
1842,UX140X5,14
1843,UX144H5,14
1844,UX14BBK,15
1845,UX14BBK,15
1846,UX14BBM,15
1847,UX141F5,15
1848,UX14BBJ,16
1849,UX140X5,14
1850,UX140X5,14
1851,UX140X5,14
1852,UX142H2,14
1853,UX144H5,14
1854,UX144G5,14
1855,UX14BBK,15
1856,UX140X5,14
1857,UX144H5,14
1858,UX140G5,5
1859,UX142P3,3
1860,UX14985,2
1861,UX14955,2
1862,UX141G3,3
1863,UX141F5,15
1864,UX14AAB,10
1865,UX144G5,14
1866,UX14BBK,15
1867,UX14945,2
1868,UX143T3,2
1869,UX140X5,14
1870,UX144H5,14
1871,UX14AAA,14
1872,UX144G5,14
1873,UX14AAB,10
1874,UX14AAB,10
1875,UX144G5,14
1876,UX14AAA,14
1877,UX140X5,14
1878,UX144G5,14
1879,UX14AAB,10
1880,UX140X5,14
1881,UX140X5,14
1882,UX144G5,14
1883,UX14AAA,14
1884,UX144G5,14
1885,UX144G5,14
1886,UX144G5,14
1887,UX144G5,14
1888,UX140X5,14
1889,UX144G5,14
1890,UX140X5,14
1891,UX144G5,14
1892,UX144G5,14
1893,UX144G5,14
1894,UX140G5,5
1895,UX142P3,3
1896,UX14985,2
1897,UX14945,2
1898,UX141G3,3
1899,UX140X5,14
1900,UX140X5,14
1901,UX14BBM,15
1902,UX140X5,14
1903,UX14AAB,10
1904,UX140X5,14
1905,UX140G5,5
1906,UX141G3,3
1907,UX140X5,14
1908,UX140X5,14
1909,UX144G5,14
1910,UX140X5,14
1911,UX144G5,14
1912,UX140X5,14
1913,UX14BBM,15
1914,UX140G5,5
1915,UX143V3,2
1916,UX143S3,2
1917,UX141G3,3
1918,UX140X5,14
1919,UX14AAA,14
1920,UX144G5,14
1921,UX144G5,14
1922,UX144G5,14
1923,UX144G5,14
1924,UX144G5,14
1925,UX144H5,14
1926,UX144G5,14
1927,UX140H5,7
1928,UX143V3,2
1929,UX141G3,3
1930,UX143T3,2
1931,UX140X5,14
1932,UX144H5,14
1933,UX144G5,14
1934,UX14BBJ,16
1935,UX14BBJ,16
1936,UX14AAB,10
1937,UX144G5,14
1938,UX14AAB,10
1939,UX144G5,14
1940,UX140X5,14
1941,UX144G5,14
1942,UX140X5,14
1943,UX144G5,14
1944,UX14AAB,10
1945,UX140X5,14
1946,UX14975,2
1947,UX144G5,14
1948,UX14AAD,10
1949,UX144G5,14
1950,UX144G5,14
1951,UX140X5,14
1952,UX144H5,14
1953,UX144G5,14
1954,UX14BBM,15
1955,UX14BBM,15
1956,UX144G5,14
1957,UX140X5,14
1958,UX14AAA,14
1959,UX140X5,14
1960,UX144G5,14
1961,UX14AAA,14
1962,UX14413,12
1963,UX140G5,5
1964,UX142P3,3
1965,UX14995,2
1966,UX141G3,3
1967,UX140X5,14
1968,UX140X5,14
1969,UX140X5,14
1970,UX140X5,14
1971,UX144G5,14
1972,UX14BBJ,16
1973,UX140X5,14
1974,UX14BBJ,16
1975,UX144G5,14
1976,UX14BBJ,16
1977,UX144G5,14
1978,UX140X5,14
1979,UX144G5,14
1980,UX142N3,2
1981,UX144G5,14
1982,UX140X5,14
1983,UX14413,12
1984,UX14995,2
1985,UX140X5,14
1986,UX144G5,14
1987,UX140X5,14
1988,UX140X5,14
1989,UX140X5,14
1990,UX140X5,14
1991,UX14BBK,15
1992,UX140X5,14
1993,UX140X5,14
1994,UX140H5,7
1995,UX143U3,2
1996,UX141G3,3
1997,UX140X5,14
1998,UX140X5,14
1999,UX140H5,7
2000,UX142P3,3
2001,UX14995,2
2002,UX14955,2
2003,UX141G3,3
2004,UX14782,3
2005,UX144H5,14
2006,UX140X5,14
2007,UX14BBK,15
2008,UX14BBK,15
2009,UX144G5,14
2010,UX14BBK,15
2011,UX144G5,14
2012,UX144G5,14
2013,UX144G5,14
2014,UX140X5,14
2015,UX140X5,14
2016,UX140X5,14
2017,UX14AAB,10
2018,UX144E5,2
2019,UX144G5,14
2020,UX144G5,14
2021,UX14BBJ,16
2022,UX14BBM,15
2023,UX144H5,14
2024,UX144H5,14
2025,UX144G5,14
2026,UX14AAC,10
2027,UX144G5,14
2028,UX140X5,14
2029,UX14425,2
2030,UX14425,2
2031,UX14425,2
2032,UX14425,2
2033,UX14425,2
2034,UX14425,2
2035,UX14425,2
2036,UX14425,2
2037,UX14425,2
2038,UX14425,2
2039,UX14425,2
2040,UX14AAA,14
2041,UX144G5,14
2042,UX144G5,14
2043,UX142F2,12
2044,UX144G5,14
2045,UX144G5,14
2046,UX140G5,5
2047,UX143V3,2
2048,UX142N3,2
2049,UX14985,2
2050,UX14955,2
2051,UX141G3,3
2052,UX140X5,14
2053,UX14BBJ,16
2054,UX144E5,2
2055,UX140G5,5
2056,UX143W3,2
2057,UX14005,2
2058,UX141G3,3
2059,UX149R1,12
2060,UX14413,12
2061,UX140G5,5
2062,UX143W3,2
2063,UX14995,2
2064,UX141G3,3
2065,UX141F5,15
2066,UX140X5,14
2067,UX144G5,14
2068,UX144G5,14
2069,UX140X5,14
2070,UX140X5,14
2071,UX140X5,14
2072,UX140X5,14
2073,UX144H5,14
2074,UX140X5,14
2075,UX140X5,14
2076,UX14AAB,10
2077,UX144G5,14
2078,UX14AAA,14
2079,UX140X5,14
2080,UX144E5,2
2081,UX140X5,14
2082,UX14AAB,10
2083,UX144H5,14
2084,UX140X5,14
2085,UX14353,3
2086,UX142G2,2
2087,UX14293,2
2088,UX14353,3
2089,UX142G2,2
2090,UX14293,2
2091,UX14353,3
2092,UX142G2,2
2093,UX14293,2
2094,UX14353,3
2095,UX142G2,2
2096,UX14772,2
2097,UX14353,3
2098,UX142G2,2
2099,UX14772,2
2100,UX14353,3
2101,UX142G2,2
2102,UX14772,2
2103,UX143V3,2
2104,UX14BBJ,16
2105,UX140X5,14
2106,UX144G5,14
2107,UX144G5,14
2108,UX14BBM,15
2109,UX140X5,14
2110,UX144G5,14
2111,UX14BBJ,16
2112,UX144G5,14
2113,UX140X5,14
2114,UX144G5,14
2115,UX144G5,14
2116,UX144G5,14
2117,UX144G5,14
2118,UX144G5,14
2119,UX140X5,14
2120,UX140X5,14
2121,UX144G5,14
2122,UX144G5,14
2123,UX14AAB,10
2124,UX140X5,14
2125,UX140X5,14
2126,UX144G5,14
2127,UX140X5,14
2128,UX144G5,14
2129,UX144G5,14
2130,UX144H5,14
2131,UX140H5,7
2132,UX143V3,2
2133,UX14995,2
2134,UX14975,2
2135,UX141G3,3
2136,UX144G5,14
2137,UX14BBK,15
2138,UX14393,13
2139,UX14AAA,14
2140,UX144G5,14
2141,UX140X5,14
2142,UX14AAB,10
2143,UX14BBJ,16
2144,UX140X5,14
2145,UX14BBL,16
2146,UX144H5,14
2147,UX144G5,14
2148,UX140X5,14
2149,UX144H5,14
2150,UX144G5,14
2151,UX144G5,14
2152,UX140X5,14
2153,UX14AAA,14
2154,UX140G5,5
2155,UX143V3,2
2156,UX141G3,3
2157,UX14AAB,10
2158,UX140X5,14
2159,UX144G5,14
2160,UX140H5,7
2161,UX14985,2
2162,UX14965,2
2163,UX14905,2
2164,UX144H5,14
2165,UX14782,3
2166,UX14BBK,15
2167,UX144G5,14
2168,UX14AAB,10
2169,UX144H5,14
2170,UX140X5,14
2171,UX140X5,14
2172,UX140X5,14
2173,UX144G5,14
2174,UX144H5,14
2175,UX14BBJ,16
2176,UX140X5,14
2177,UX14413,12
2178,UX14413,12
2179,UX142F2,12
2180,UX140X5,14
2181,UX14AAB,10
2182,UX14AAC,10
2183,UX140X5,14
2184,UX140X5,14
2185,UX144G5,14
2186,UX140X5,14
2187,UX140G5,5
2188,UX143V3,2
2189,UX144Y3,2
2190,UX144G5,14
2191,UX144G5,14
2192,UX144H5,14
2193,UX144G5,14
2194,UX149R1,12
2195,UX14413,12
2196,UX144G5,14
2197,UX140X5,14
2198,UX144H5,14
2199,UX14AAB,10
2200,UX14AAA,14
2201,UX144G5,14
2202,UX140X5,14
2203,UX144H5,14
2204,UX144G5,14
2205,UX14AAA,14
2206,UX14AAA,14
2207,UX14413,12
2208,UX14383,13
2209,UX140X5,14
2210,UX14413,12
2211,UX144H5,14
2212,UX144G5,14
2213,UX144G5,14
2214,UX144G5,14
2215,UX144G5,14
2216,UX140X5,14
2217,UX14985,2
2218,UX14955,2
2219,UX142N3,2
2220,UX144G5,14
2221,UX14AAB,10
2222,UX144H5,14
2223,UX144G5,14
2224,UX144G5,14
2225,UX140X5,14
2226,UX140X5,14
2227,UX144G5,14
2228,UX144H5,14
2229,UX142K3,7
2230,UX141G3,3
2231,UX142N3,2
2232,UX14945,2
2233,UX140X5,14
2234,UX144H5,14
2235,UX14413,12
2236,UX144G5,14
2237,UX14AAA,14
2238,UX144H5,14
2239,UX144G5,14
2240,UX14413,12
2241,UX140X5,14
2242,UX144G5,14
2243,UX140X5,14
2244,UX14AAA,14
2245,UX144G5,14
2246,UX144F7,15
2247,UX144V3,2
2248,UX144R3,2
2249,UX141F5,15
2250,UX140X5,14
2251,UX144H5,14
2252,UX14AAA,14
2253,UX144G5,14
2254,UX141F5,15
2255,UX14AAA,14
2256,UX144G5,14
2257,UX14383,13
2258,UX144G5,14
2259,UX144G5,14
2260,UX144G5,14
2261,UX144H5,14
2262,UX144G5,14
2263,UX144G5,14
2264,UX144G5,14
2265,UX144H5,14
2266,UX14AAA,14
2267,UX144G5,14
2268,UX144G5,14
2269,UX140X5,14
2270,UX144G5,14
2271,UX144G5,14
2272,UX14AAB,10
2273,UX144G5,14
2274,UX144G5,14
2275,UX144G5,14
2276,UX140G5,5
2277,UX143V3,2
2278,UX14975,2
2279,UX14905,2
2280,UX141G3,3
2281,UX140G5,5
2282,UX143V3,2
2283,UX14985,2
2284,UX141G3,3
2285,UX142K3,7
2286,UX143T3,2
2287,UX14935,2
2288,UX14955,2
2289,UX141G3,3
2290,UX140X5,14
2291,UX144G5,14
2292,UX142J2,14
2293,UX14AAA,14
2294,UX140X5,14
2295,UX144G5,14
2296,UX141G3,3
2297,UX14455,5
2298,UX144G5,14
2299,UX144G5,14
2300,UX144G5,14
2301,UX14AAB,10
2302,UX144G5,14
2303,UX140X5,14
2304,UX140X5,14
2305,UX144G5,14
2306,UX140X5,14
2307,UX140G5,5
2308,UX143V3,2
2309,UX14975,2
2310,UX14905,2
2311,UX141G3,3
2312,UX144G5,14
2313,UX144G5,14
2314,UX140X5,14
2315,UX140X5,14
2316,UX14AAA,14
2317,UX144G5,14
2318,UX140X5,14
2319,UX144H5,14
2320,UX144H5,14
2321,UX144G5,14
2322,UX144G5,14
2323,UX144G5,14
2324,UX144G5,14
2325,UX14AAB,10
2326,UX140X5,14
2327,UX140X5,14
2328,UX144E7,16
2329,UX144G5,14
2330,UX144G5,14
2331,UX144G5,14
2332,UX140X5,14
2333,UX140X5,14
2334,UX141G3,3
2335,UX140X5,14
2336,UX140X5,14
2337,UX14413,12
2338,UX140X5,14
2339,UX144H5,14
2340,UX140X5,14
2341,UX14AAA,14
2342,UX144G5,14
2343,UX144G5,14
2344,UX14AAB,10
2345,UX140X5,14
2346,UX140X5,14
2347,UX140X5,14
2348,UX140X5,14
2349,UX14AAB,10
2350,UX140X5,14
2351,UX144G5,14
2352,UX144G5,14
2353,UX144G5,14
2354,UX140H5,7
2355,UX143V3,2
2356,UX143T3,2
2357,UX14995,2
2358,UX141G3,3
2359,UX140X5,14
2360,UX144G5,14
2361,UX14AAA,14
2362,UX140G5,5
2363,UX142P3,3
2364,UX14985,2
2365,UX14955,2
2366,UX141G3,3
2367,UX144F7,15
2368,UX140X5,14
2369,UX140X5,14
2370,UX144F7,15
2371,UX144F7,15
2372,UX140X5,14
2373,UX144F7,15
2374,UX142K3,7
2375,UX143S3,2
2376,UX143R3,2
2377,UX142N3,2
2378,UX143P3,1
2379,UX142U3,2
2380,UX144U3,2
2381,UX144T3,2
2382,UX141G3,3
2383,UX14413,12
2384,UX14413,12
2385,UX14AAB,10
2386,UX140G5,5
2387,UX143W3,2
2388,UX143S3,2
2389,UX14995,2
2390,UX14955,2
2391,UX141G3,3
2392,UX144F7,15
2393,UX140X5,14
2394,UX144G5,14
2395,UX140X5,14
2396,UX144G5,14
2397,UX144G5,14
2398,UX14AAA,14
2399,UX144G5,14
2400,UX14AAA,14
2401,UX144G5,14
2402,UX144G5,14
2403,UX14AAA,14
2404,UX140X5,14
2405,UX140X5,14
2406,UX142K3,7
2407,UX143V3,2
2408,UX14985,2
2409,UX141G3,3
2410,UX140X5,14
2411,UX14AAA,14
2412,UX140X5,14
2413,UX144G5,14
2414,UX144G5,14
2415,UX140X5,14
2416,UX144G5,14
2417,UX14AAA,14
2418,UX144G5,14
2419,UX14AAD,10
2420,UX144G5,14
2421,UX140X5,14
2422,UX144G5,14
2423,UX144G5,14
2424,UX144G5,14
2425,UX140X5,14
2426,UX144G5,14
2427,UX144G5,14
2428,UX140X5,14
2429,UX144G5,14
2430,UX14AAA,14
2431,UX140X5,14
2432,UX144H5,14
2433,UX144G5,14
2434,UX144G5,14
2435,UX140X5,14
2436,UX14AAA,14
2437,UX144F7,15
2438,UX144G5,14
2439,UX144G5,14
2440,UX14AAA,14
2441,UX142G2,2
2442,UX140X5,14
2443,UX144G5,14
2444,UX144G5,14
2445,UX144G5,14
2446,UX144E7,16
2447,UX140X5,14
2448,UX140X5,14
2449,UX14AAA,14
2450,UX144G5,14
2451,UX144G5,14
2452,UX140X5,14
2453,UX144G5,14
2454,UX144G5,14
2455,UX144G5,14
2456,UX14413,12
2457,UX144G5,14
2458,UX144G5,14
2459,UX144G5,14
2460,UX140X5,14
2461,UX140X5,14
2462,UX144G5,14
2463,UX144H5,14
2464,UX140X5,14
2465,UX140X5,14
2466,UX14945,2
2467,UX144G5,14
2468,UX144F7,15
2469,UX144H5,14
2470,UX140X5,14
2471,UX14383,13
2472,UX144G5,14
2473,UX144G5,14
2474,UX140X5,14
2475,UX140X5,14
2476,UX140X5,14
2477,UX144F7,15
2478,UX140X5,14
2479,UX14945,2
2480,UX14905,2
2481,UX140X5,14
2482,UX144G5,14
2483,UX144G5,14
2484,UX144G5,14
2485,UX144G5,14
2486,UX14985,2
2487,UX14383,13
2488,UX144G5,14
2489,UX14AAA,14
2490,UX144H5,14
2491,UX140X5,14
2492,UX144G5,14
2493,UX14AAA,14
2494,UX149R1,12
2495,UX140X5,14
2496,UX14945,2
2497,UX144H5,14
2498,UX144G5,14
2499,UX144G5,14
2500,UX144G5,14
2501,UX144G5,14
2502,UX149R1,12
2503,UX140X5,14
2504,UX140X5,14
2505,UX144G5,14
2506,UX142F2,12
2507,UX14AAB,10
2508,UX140X5,14
2509,UX14AAA,14
2510,UX14413,12
2511,UX144H5,14
2512,UX140X5,14
2513,UX14383,13
2514,UX14AAA,14
2515,UX143R3,2
2516,UX143S3,2
2517,UX142K3,7
2518,UX141G3,3
2519,UX14413,12
2520,UX140G5,5
2521,UX143S3,2
2522,UX14955,2
2523,UX141G3,3
2524,UX144H5,14
2525,UX144E7,16
2526,UX14393,13
2527,UX140X5,14
2528,UX140X5,14
2529,UX144G5,14
2530,UX140X5,14
2531,UX144G5,14
2532,UX140G5,5
2533,UX142P3,3
2534,UX143V3,2
2535,UX14995,2
2536,UX14975,2
2537,UX141G3,3
2538,UX140X5,14
2539,UX14425,2
2540,UX14395,2
2541,UX144H5,14
2542,UX149R1,12
2543,UX14413,12
2544,UX140X5,14
2545,UX144G5,14
2546,UX149R1,12
2547,UX14413,12
2548,UX144H5,14
2549,UX140X5,14
2550,UX140X5,14
2551,UX142K3,7
2552,UX143T3,2
2553,UX14965,2
2554,UX14935,2
2555,UX149R1,12
2556,UX14413,12
2557,UX140G5,5
2558,UX142P3,3
2559,UX143V3,2
2560,UX142N3,2
2561,UX14995,2
2562,UX14965,2
2563,UX141G3,3
2564,UX140X5,14
2565,UX149R1,12
2566,UX144G5,14
2567,UX144G5,14
2568,UX140X5,14
2569,UX140X5,14
2570,UX144H5,14
2571,UX140X5,14
2572,UX144G5,14
2573,UX144G5,14
2574,UX144G5,14
2575,UX149R1,12
2576,UX149R1,12
2577,UX144F7,15
2578,UX14383,13
2579,UX144G5,14
2580,UX144F7,15
2581,UX144G5,14
2582,UX140X5,14
2583,UX144G5,14
2584,UX149R1,12
2585,UX144G5,14
2586,UX140X5,14
2587,UX144G5,14
2588,UX140X5,14
2589,UX144G5,14
2590,UX149R1,12
2591,UX140X5,14
2592,UX144G5,14
2593,UX140X5,14
2594,UX140X5,14
2595,UX140X5,14
2596,UX140X5,14
2597,UX144G5,14
2598,UX140X5,14
2599,UX144G5,14
2600,UX144G5,14
2601,UX144G5,14
2602,UX149R1,12
2603,UX144G5,14
2604,UX144G5,14
2605,UX144G5,14
2606,UX144G5,14
2607,UX140X5,14
2608,UX144A3,2
2609,UX141G3,3
2610,UX142K3,7
2611,UX144G5,14
2612,UX140X5,14
2613,UX140G5,5
2614,UX142P3,3
2615,UX14995,2
2616,UX141G3,3
2617,UX144G5,14
2618,UX144G5,14
2619,UX140X5,14
2620,UX149R1,12
2621,UX144G5,14
2622,UX149R1,12
2623,UX144G5,14
2624,UX149R1,12
2625,UX14ADY,14
2626,UX144G5,14
2627,UX14ADY,14
2628,UX149R1,12
2629,UX14AAB,10
2630,UX144G5,14
2631,UX140X5,14
2632,UX14405,2
2633,UX144H5,14
2634,UX149R1,12
2635,UX142F2,12
2636,UX140X5,14
2637,UX144G5,14
2638,UX140X5,14
2639,UX144G5,14
2640,UX144G5,14
2641,UX14403,13
2642,UX144G5,14
2643,UX144G5,14
2644,UX144G5,14
2645,UX149R1,12
2646,UX144H5,14
2647,UX144H5,14
2648,UX140X5,14
2649,UX14AAB,10
2650,UX14413,12
2651,UX14413,12
2652,UX14413,12
2653,UX144G5,14
2654,UX141F5,15
2655,UX144H5,14
2656,UX144G5,14
2657,UX140X5,14
2658,UX144G5,14
2659,UX140G5,5
2660,UX143R3,2
2661,UX143Q3,2
2662,UX14935,2
2663,UX14925,2
2664,UX141G3,3
2665,UX144G5,14
2666,UX14AAB,10
2667,UX140X5,14
2668,UX149R1,12
2669,UX144G5,14
2670,UX140X5,14
2671,UX140X5,14
2672,UX14413,12
2673,UX144G5,14
2674,UX14AAB,10
2675,UX149R1,12
2676,UX14AAA,14
2677,UX144G5,14
2678,UX149R1,12
2679,UX142F2,12
2680,UX140H5,7
2681,UX142V3,2
2682,UX140H5,7
2683,UX143R3,2
2684,UX143S3,2
2685,UX14965,2
2686,UX14935,2
2687,UX141G3,3
2688,UX149R1,12
2689,UX144G5,14
2690,UX149R1,12
2691,UX144G5,14
2692,UX144G5,14
2693,UX140X5,14
2694,UX142U3,2
2695,UX144U3,2
2696,UX140X5,14
2697,UX140X5,14
2698,UX144G5,14
2699,UX144E7,16
2700,UX14AAA,14
2701,UX140X5,14
2702,UX142F2,12
2703,UX14AAA,14
2704,UX14AAA,14
2705,UX142F2,12
2706,UX149R1,12
2707,UX140H5,7
2708,UX142P3,3
2709,UX14985,2
2710,UX141G3,3
2711,UX144G5,14
2712,UX144G5,14
2713,UX144G5,14
2714,UX14AAA,14
2715,UX144G5,14
2716,UX144G5,14
2717,UX144H5,14
2718,UX144G5,14
2719,UX144G5,14
2720,UX144G5,14
2721,UX144G5,14
2722,UX144G5,14
2723,UX144G5,14
2724,UX14AAA,14
2725,UX144G5,14
2726,UX140X5,14
2727,UX14AAA,14
2728,UX14AAC,10
2729,UX14383,13
2730,UX144H5,14
2731,UX140X5,14
2732,UX144F7,15
2733,UX14AAA,14
2734,UX149R1,12
2735,UX144G5,14
2736,UX144G5,14
2737,UX14AAA,14
2738,UX14BBJ,16
2739,UX144G5,14
2740,UX142H2,14
2741,UX144G5,14
2742,UX144G5,14
2743,UX141F5,15
2744,UX140X5,14
2745,UX14AAB,10
2746,UX144G5,14
2747,UX144G5,14
2748,UX144G5,14
2749,UX14AAA,14
2750,UX144G5,14
2751,UX140X5,14
2752,UX144G5,14
2753,UX144H5,14
2754,UX144G5,14
2755,UX140X5,14
2756,UX140X5,14
2757,UX144H5,14
2758,UX14AAB,10
2759,UX142F2,12
2760,UX144G5,14
2761,UX14AAA,14
2762,UX140X5,14
2763,UX144G5,14
2764,UX14AAA,14
2765,UX144H5,14
2766,UX140X5,14
2767,UX144G5,14
2768,UX140H5,7
2769,UX142P3,3
2770,UX14995,2
2771,UX141G3,3
2772,UX144H5,14
2773,UX14782,3
2774,UX140X5,14
2775,UX140X5,14
2776,UX140X5,14
2777,UX14AAA,14
2778,UX144G5,14
2779,UX144G5,14
2780,UX144G5,14
2781,UX144G5,14
2782,UX140X5,14
2783,UX140X5,14
2784,UX143T3,2
2785,UX14955,2
2786,UX14935,2
2787,UX14895,2
2788,UX142K3,7
2789,UX141G3,3
2790,UX14383,13
2791,UX144E7,16
2792,UX144G5,14
2793,UX140X5,14
2794,UX144G5,14
2795,UX149R1,12
2796,UX144G5,14
2797,UX14AAB,10
2798,UX144G5,14
2799,UX144G5,14
2800,UX144H5,14
2801,UX14AAB,10
2802,UX141F5,15
2803,UX140X5,14
2804,UX141F5,15
2805,UX140X5,14
2806,UX140X5,14
2807,UX144G5,14
2808,UX140X5,14
2809,UX14BBK,15
2810,UX144G5,14
2811,UX144G5,14
2812,UX144G5,14
2813,UX14413,12
2814,UX144G5,14
2815,UX14AAA,14
2816,UX140X5,14
2817,UX140X5,14
2818,UX144G5,14
2819,UX144G5,14
2820,UXA40T2,12
2821,UX14AAA,14
2822,UX144G5,14
2823,UX140X5,14
2824,UX14AAB,10
2825,UX14AAA,14
2826,UX144H5,14
2827,UX140X5,14
2828,UX14AAB,10
2829,UX14AAA,14
2830,UX144G5,14
2831,UX144H5,14
2832,UX140X5,14
2833,UX14AAB,10
2834,UX144G5,14
2835,UX140H5,7
2836,UX143X3,2
2837,UX141G3,3
2838,UX140X5,14
2839,UX14413,12
2840,UX144E7,16
2841,UX140X5,14
2842,UX140X5,14
2843,UX14AAB,10
2844,UX144G5,14
2845,UX144E7,16
2846,UX144G5,14
2847,UX144H5,14
2848,UX14BBJ,16
2849,UX144G5,14
2850,UX144G5,14
2851,UX14AAB,10
2852,UX144G5,14
2853,UX144G5,14
2854,UX144G5,14
2855,UX14383,13
2856,UX144G5,14
2857,UX144G5,14
2858,UX14BBK,15
2859,UX144G5,14
2860,UX140X5,14
2861,UX144G5,14
2862,UX144G5,14
2863,UX14AAD,10
2864,UX140X5,14
2865,UX14BBJ,16
2866,UX144G5,14
2867,UX140X5,14
2868,UX144G5,14
2869,UX14413,12
2870,UX141F5,15
2871,UX144G5,14
2872,UX144G5,14
2873,UX144G5,14
2874,UX144G5,14
2875,UX144G5,14
2876,UX144E7,16
2877,UX140X5,14
2878,UX140X5,14
2879,UX142K3,7
2880,UX143V3,2
2881,UX141G3,3
2882,UX144G5,14
2883,UX140X5,14
2884,UX140G5,5
2885,UX143T3,2
2886,UX14975,2
2887,UX141G3,3
2888,UX144H5,14
2889,UX144G5,14
2890,UX14AAB,10
2891,UX144E7,16
2892,UX144G5,14
2893,UX144E7,16
2894,UX144H5,14
2895,UX14BBL,16
2896,UX14413,12
2897,UX14413,12
2898,UX140X5,14
2899,UX14AAB,10
2900,UX14AAB,10
2901,UX144G5,14
2902,UX144G5,14
2903,UX144G5,14
2904,UX144G5,14
2905,UX14BBK,15
2906,UXA40T2,12
2907,UX144G5,14
2908,UX140X5,14
2909,UX140X5,14
2910,UX144G5,14
2911,UX142F2,12
2912,UX140X5,14
2913,UX140X5,14
2914,UX144G5,14
2915,UX144G5,14
2916,UX144G5,14
2917,UX14AAB,10
2918,UX144G5,14
2919,UX14BBK,15
2920,UX144G5,14
2921,UX14AAA,14
2922,UX14AAA,14
2923,UX14BBL,16
2924,UX14AAB,10
2925,UX14BBN,16
2926,UX14965,2
2927,UX14935,2
2928,UX140X5,14
2929,UX144G5,14
2930,UX14BBK,15
2931,UX140G5,5
2932,UX142P3,3
2933,UX141G3,3
2934,UX144G5,14
2935,UX144E7,16
2936,UX144G5,14
2937,UX144G5,14
2938,UX140X5,14
2939,UX144G5,14
2940,UX140X5,14
2941,UX140G5,5
2942,UX143V3,2
2943,UX14985,2
2944,UX14975,2
2945,UX141G3,3
2946,UX144G5,14
2947,UX14AAB,10
2948,UX140X5,14
2949,UX144G5,14
2950,UX140X5,14
2951,UX14AAA,14
2952,UX140X5,14
2953,UX140X5,14
2954,UX140X5,14
2955,UX144U3,2
2956,UX144R3,2
2957,UX144H5,14
2958,UX14AAB,10
2959,UX144G5,14
2960,UX144G5,14
2961,UX140X5,14
2962,UX144G5,14
2963,UX142F2,12
2964,UX14413,12
2965,UX144G5,14
2966,UX14413,12
2967,UX144G5,14
2968,UX140X5,14
2969,UX14BBL,16
2970,UX144G5,14
2971,UX14AAA,14
2972,UX144E7,16
2973,UX14AAC,10
2974,UX14AAB,10
2975,UX144G5,14
2976,UX140G5,5
2977,UX143V3,2
2978,UX14995,2
2979,UX14985,2
2980,UX141G3,3
2981,UX140X5,14
2982,UX14BBK,15
2983,UX141G3,3
2984,UX14413,12
2985,UX14AAA,14
2986,UX140X5,14
2987,UX144E7,16
2988,UX140X5,14
2989,UX141G3,3
2990,UX140G5,5
2991,UX142P3,3
2992,UX140X5,14
2993,UX14BBJ,16
2994,UX144G5,14
2995,UX14AAA,14
2996,UX144G5,14
2997,UX140X5,14
2998,UX144G5,14
2999,UX14AAA,14
3000,UX144H5,14
3001,UX14AAB,10
3002,UX140X5,14
3003,UX14AAB,10
3004,UX142P3,3
3005,UX141G3,3
3006,UX14BBK,15
3007,UX141F5,15
3008,UX14AAB,10
3009,UX14AAA,14
3010,UX144U3,2
3011,UX144G5,14
3012,UX140G5,5
3013,UX144G5,14
3014,UX142P3,3
3015,UX14985,2
3016,UX141G3,3
3017,UX141F5,15
3018,UX144G5,14
3019,UX144G5,14
3020,UX142E2,10
3021,UX140X5,14
3022,UX14AAA,14
3023,UX140X5,14
3024,UX140G5,5
3025,UX14955,2
3026,UX141G3,3
3027,UX140X5,14
3028,UX14AAB,10
3029,UX140X5,14
3030,UX140X5,14
3031,UX144G5,14
3032,UX144G5,14
3033,UX140X5,14
3034,UX140X5,14
3035,UX144G5,14
3036,UX143S3,2
3037,UX143V3,2
3038,UX144R3,2
3039,UX142U3,2
3040,UX14AAA,14
3041,UX140X5,14
3042,UX144G5,14
3043,UX14AAA,14
3044,UX144G5,14
3045,UX144G5,14
3046,UX142K3,7
3047,UX142N3,2
3048,UX143R3,2
3049,UX143P3,1
3050,UX14965,2
3051,UX14905,2
3052,UX144G5,14
3053,UX14BBJ,16
3054,UX141G3,3
3055,UX14413,12
3056,UX14BBJ,16
3057,UX140X5,14
3058,UX14AAA,14
3059,UX140X5,14
3060,UX144G5,14
3061,UX141F5,15
3062,UX14BBJ,16
3063,UX144G5,14
3064,UX144G5,14
3065,UX144G5,14
3066,UX140X5,14
3067,UX14AAA,14
3068,UX144G5,14
3069,UX144H5,14
3070,UX14BBK,15
3071,UX14AAA,14
3072,UX140X5,14
3073,UX144G5,14
3074,UX14BBL,16
3075,UX144G5,14
3076,UX14AAD,10
3077,UX14AAA,14
3078,UX144G5,14
3079,UX144G5,14
3080,UX140X5,14
3081,UX14AAA,14
3082,UX144G5,14
3083,UX144G5,14
3084,UX144G5,14
3085,UX144G5,14
3086,UX144G5,14
3087,UX140X5,14
3088,UX140X5,14
3089,UX140X5,14
3090,UX14AAA,14
3091,UX14BBK,15
3092,UX140X5,14
3093,UX140X5,14
3094,UX144G5,14
3095,UX144G5,14
3096,UX140X5,14
3097,UX144H5,14
3098,UX14AAA,14
3099,UX144G5,14
3100,UX14AAB,10
3101,UX144G5,14
3102,UX144G5,14
3103,UX144G5,14
3104,UX14BBK,15
3105,UX140X5,14
3106,UX144G5,14
3107,UX14AAB,10
3108,UX14AAA,14
3109,UX144G5,14
3110,UX144G5,14
3111,UX144G5,14
3112,UX14BBK,15
3113,UX14985,2
3114,UX140X5,14
3115,UX144G5,14
3116,UX144G5,14
3117,UX14AAD,10
3118,UX144H5,14
3119,UX144G5,14
3120,UX149R1,12
3121,UX14413,12
3122,UX140G5,5
3123,UX143W3,2
3124,UX14995,2
3125,UX141G3,3
3126,UX144G5,14
3127,UX144H5,14
3128,UX140X5,14
3129,UX14413,12
3130,UX140X5,14
3131,UX140X5,14
3132,UX14413,12
3133,UX14AAA,14
3134,UX144G5,14
3135,UX14AAA,14
3136,UX14AAA,14
3137,UX14BBK,15
3138,UX14AAA,14
3139,UX140X5,14
3140,UX144G5,14
3141,UX144G5,14
3142,UX140X5,14
3143,UX144G5,14
3144,UX144G5,14
3145,UX140X5,14
3146,UX144G5,14
3147,UX144H5,14
3148,UX140X5,14
3149,UX144G5,14
3150,UX14BBK,15
3151,UX14413,12
3152,UX140X5,14
3153,UX140X5,14
3154,UX144G5,14
3155,UX144G5,14
3156,UX14AAA,14
3157,UX144H5,14
3158,UX144H5,14
3159,UX140X5,14
3160,UX144G5,14
3161,UX140X5,14
3162,UX140X5,14
3163,UX140X5,14
3164,UX144G5,14
3165,UX14AAB,10
3166,UX144G5,14
3167,UX14413,12
3168,UX140X5,14
3169,UX14BBK,15
3170,UX144G5,14
3171,UX140X5,14
3172,UX140H5,7
3173,UX143V3,2
3174,UX14985,2
3175,UX144H5,14
3176,UX144G5,14
3177,UX144G5,14
3178,UX144G5,14
3179,UX14AAA,14
3180,UX144G5,14
3181,UX144G5,14
3182,UX144G5,14
3183,UX144G5,14
3184,UX144G5,14
3185,UX144G5,14
3186,UX144G5,14
3187,UX144E7,16
3188,UX14AAB,10
3189,UX14AAD,10
3190,UX144G5,14
3191,UX140X5,14
3192,UX140X5,14
3193,UX140X5,14
3194,UX144H5,14
3195,UX14BBJ,16
3196,UX144G5,14
3197,UX140X5,14
3198,UX14AAA,14
3199,UX144G5,14
3200,UX144G5,14
3201,UX144G5,14
3202,UX144G5,14
3203,UX140G5,5
3204,UX143X3,2
3205,UX140A5,2
3206,UX141G3,3
3207,UX144G5,14
3208,UX144G5,14
3209,UX14AAC,10
3210,UX144G5,14
3211,UX14BBK,15
3212,UX144G5,14
3213,UX140X5,14
3214,UX142F2,12
3215,UX144G5,14
3216,UX144G5,14
3217,UX14BBJ,16
3218,UX14425,2
3219,UX144H5,14
3220,UX14AAB,10
3221,UX144G5,14
3222,UX140X5,14
3223,UX140X5,14
3224,UX140X5,14
3225,UX14BBK,15
3226,UX14BBK,15
3227,UX14BBK,15
3228,UX144G5,14
3229,UX144G5,14
3230,UX144G5,14
3231,UX144G5,14
3232,UX143V3,2
3233,UX142K3,7
3234,UX141G3,3
3235,UX149R1,12
3236,UX14413,12
3237,UX140X5,14
3238,UX140X5,14
3239,UX144G5,14
3240,UX140X5,14
3241,UX144G5,14
3242,UX14BBK,15
3243,UX14BBJ,16
3244,UX140X5,14
3245,UX140X5,14
3246,UX14BBP,16
3247,UX140X5,14
3248,UX140X5,14
3249,UX140X5,14
3250,UX14AAB,10
3251,UX14AAA,14
3252,UX140X5,14
3253,UXA40T4,12
3254,UX144G5,14
3255,UX144G5,14
3256,UX144G5,14
3257,UX140X5,14
3258,UX140X5,14
3259,UX144G5,14
3260,UX144G5,14
3261,UX144G5,14
3262,UX140X5,14
3263,UX144G5,14
3264,UX14AAA,14
3265,UX14BBK,15
3266,UX140X5,14
3267,UX144G5,14
3268,UX144G5,14
3269,UX14AAA,14
3270,UX140X5,14
3271,UX143U3,2
3272,UX144G5,14
3273,UX14AAB,10
3274,UX144G5,14
3275,UX14413,12
3276,UX140X5,14
3277,UX144G5,14
3278,UX140X5,14
3279,UX14413,12
3280,UX140X5,14
3281,UX144G5,14
3282,UX144G5,14
3283,UX144G5,14
3284,UX142F2,12
3285,UX14BBK,15
3286,UX14BBK,15
3287,UX14945,2
3288,UX14935,2
3289,UX14925,2
3290,UX140X5,14
3291,UX140X5,14
3292,UX14AAA,14
3293,UX14955,2
3294,UX14935,2
3295,UX143W3,2
3296,UX141G3,3
3297,UX140G5,5
3298,UX140X5,14
3299,UX144H5,14
3300,UX144G5,14
3301,UX14BBJ,16
3302,UX140X5,14
3303,UX14BBJ,16
3304,UX14413,12
3305,UX144G5,14
3306,UX140X5,14
3307,UX14AAA,14
3308,UX144H5,14
3309,UX144G5,14
3310,UX144G5,14
3311,UX140X5,14
3312,UX14BBL,16
3313,UX140X5,14
3314,UX144G5,14
3315,UX144H5,14
3316,UX140X5,14
3317,UX144G5,14
3318,UX14BBJ,16
3319,UX14BBK,15
3320,UX144G5,14
3321,UX144H5,14
3322,UX144G5,14
3323,UX144G5,14
3324,UX14AAB,10
3325,UX144H5,14
3326,UX142E2,10
3327,UX142E2,10
3328,UX142A2,14
3329,UX14762,12
3330,UX14782,3
3331,UX14373,3
3332,UX14455,5
3333,UX142F2,12
3334,UX14413,12
3335,UX142F2,12
3336,UX142F2,12
3337,UX142A2,14
3338,UX142A2,14
3339,UX142A2,14
3340,UX142A2,14
3341,UX14413,12
3342,UX142F2,12
3343,UX142F2,12
3344,UX14AAA,14
3345,UX141G3,3
3346,UX142F2,12
3347,UX14413,12
3348,UX140X5,14
3349,UX14413,12
3350,UX142F2,12
3351,UX142F2,12
3352,UX140G5,5
3353,UX142P3,3
3354,UX14995,2
3355,UX14955,2
3356,UX142G2,2
3357,UX142G2,2
3358,UX142G2,2
3359,UX141G3,3
3360,UX14413,12
3361,UX14413,12
3362,UX14413,12
3363,UX141G3,3
3364,UX14413,12
3365,UX142F2,12
3366,UX142F2,12
3367,UX142F2,12
3368,UX14413,12
3369,UX142F2,12
3370,UX142F2,12
3371,UX142F2,12
3372,UX14475,5
3373,UX14475,5
3374,UX14475,5
3375,UX14043,2
3376,UX14273,2
3377,UX14273,2
3378,UX14273,2
3379,UX14373,3
3380,UX14413,12
3381,UX14413,12
3382,UX14413,12
3383,UX143W3,2
3384,UX140G5,5
3385,UX141G3,3
3386,UX14413,12
3387,UX14BBK,15
3388,UX14413,12
3389,UX14303,6
3390,UX14353,3
3391,UX14BCR,2
3392,UX14413,12
3393,UX14413,12
3394,UX142F2,12
3395,UX142F2,12
3396,UX142F2,12
3397,UX14413,12
3398,UX141G3,3
3399,UX142K3,7
3400,UX143V3,2
3401,UX142N3,2
3402,UX14985,2
3403,UX14965,2
3404,UX14413,12
3405,UX142F2,12
3406,UX142F2,12
3407,UX142F2,12
3408,UX140X5,14
3409,UX142F2,12
3410,UX142F2,12
3411,UX142F2,12
3412,UX142E2,10
3413,UX142E2,10
